Name,Type,Gender,Information,RefUrl,RefLabel,District,Zip code
Abendstraße,,n,,,,,
Ackendorfer Straße,,n,,,,,
Ackerstraße,,n,,,,,
Adele-Elkan-Straße,,f,Die Benennung der Straße erinnert an die in Magdeburg geborene deutsche Schriftstellerin Adele Elkan (1884–1943).,https://de.wikipedia.org/wiki/Magdeburger_Stra%C3%9Fen/A,wikipedia.org,Prester,39114
Adelheidring,,f,Benannt nach der deutschen Kaiserin Adelheid von Burgund.,https://de.wikipedia.org/wiki/Magdeburger_Stra%C3%9Fen/A,wikipedia.org,Stadtfeld Ost,39108
Adolf-Jentzen-Straße,,m,,,,,
Adolfstraße,,m,,,,,
Adolph-Kolping-Platz,,m,,,,,
Agneswerder,,f,Seit 1912 gibt es diese Straße. Der Name dürfte auf das Agnetenkloster zurückgehen. Vermutlich stand die in der Nähe der Elbe gelegene Fläche (Werder) vormals im Eigentum dieses Klosters.,https://de.wikipedia.org/wiki/Magdeburger_Stra%C3%9Fen/A,wikipedia.org,Industriehafen,39126
Agnetenplatz,,f,,,,Alte Neustadt,39106
Agnetenstraße,,f,Die Benennung erinnert an das ehemals in dem Stadtteil gelegene Agnetenkloster.,https://de.wikipedia.org/wiki/Magdeburger_Stra%C3%9Fen/A,wikipedia.org,Alte Neustadt,39106
Agrarstraße,,n,,,,,
Ahornweg,,n,,,,,
Akazienstraße,,n,,,,,
Akazienweg,,n,,,,,
Akener Weg,,n,,,,,
Albert-Dankert-Straße,,m,,,,,
Albert-Fischer-Straße,,m,,,,,
Albert-Schweitzer-Straße,,m,,,,,
Albert-Uffenheimer-Platz,,m,,,,,
Albert-Vater-Straße,,m,,,,,
Albinmüllerweg,,m,,,,,
Albrecht-Thaer-Straße,,m,,,,,
Albrechtstraße,,m,,,,,
Alemannstraße,,n,,,,,
Alexander-Puschkin-Straße,,m,,,,,
Alexanderstraße,,m,,,,,
Allerstraße,,n,,,,,
Alt Benneckenbeck,,n,,,,,
Alt Diesdorf,,n,,,,,
Alt Fermersleben,,n,,,,,
Alt Ottersleben,,n,,,,,
Alt Prester,,n,,,,,
Alt Salbke,,n,,,,,
Alt Westerhüsen,,n,,,,,
Alte Diamant Brauerei,,n,,,,,
Alte Zuckerfabrik,,n,,,,,
Altenhäuser Straße,,n,,,,,
Alter Markt,,n,,,,,
Altes Fischerufer,,n,,,,,
Altmärker Privatstraße,,n,,,,,
Alwin-Brandes-Straße,,m,,,,,
Am Akazienbusch,,n,,,,,
Am Alten Gasometer,,n,,,,,
Am Alten Theater,,n,,,,,
Am Alten Turm,,n,,,,,
Am Bäckerstieg,,n,,,,,
Am Biederitzer Busch,,n,,,,,
Am Birnengarten,,n,,,,,
Am Blauen Bock,,n,,,,,
Am Bördegarten,,n,,,,,
Am Brellin,,n,,,,,
Am Brückbusch,,?,,,,,
Am Brunnen,,n,,,,,
Am Buckauer Tor,,n,,,,,
Am Buckauer Wasserwerk,,n,,,,,
Am Busch,,n,,,,,
Am Buttersteig,,n,,,,,
Am Charlottentor,,f,"Mit dem Bau der neuen Berliner Chaussee wurde in die hier befindliche Schanze ""Prinzeß Charlotte"" 1818 das Charlottentor als östlicher Festungsausgang eingefügt, nachdem die Straße dann später benannt wurde. Zuvor bestand nur ein Ausgang nach Süden durch das Cracauer Tor in Richtung Cracau. Benannt war dieses Tor möglicherweise nach der Prinzessin Sophie Charlotte von Mecklenburg-Strelitz, die durch Heirat Königin von Großbritannien geworden war.",https://de.wikipedia.org/wiki/Magdeburger_Stra%C3%9Fen/A,wikipedia.org,"Brückfeld, Cracau",39114
Am Costerberg,,n,,,,,
Am Cracauer Tor,,n,,,,,
Am Deichfeld,,n,,,,,
Am Deichwall,,n,,,,,
Am Denkmal,,n,,,,,
Am Dom,,n,,,,,
Am Dorfteich,,n,,,,,
Am Eckardtshof,,?,,,,,
Am Eulegraben,,n,,,,,
Am Fischertor,,n,,,,,
Am Florapark,,n,,,,,
Am Fort,,n,,,,,
Am Freiheitsplatz,,n,,,,,
Am Freihof,,n,,,,,
Am Fuchsberg,,n,,,,,
Am Großen Silberberg,,n,,,,,
Am Hammelberg,,n,,,,,
Am Hammelberg Weg 1,,n,,,,,
Am Hammelberg Weg 2,,n,,,,,
Am Hansehafen,,n,,,,,
Am Holländer,,n,,,,,
Am Hopfengarten,,n,,,,,
Am Hügel,,n,,,,,
Am Hünenkeller,,n,,,,,
Am Kanal,,n,,,,,
Am Kiebitzpfuhl,,n,,,,,
Am Kirschberg,,n,,,,,
Am Kleinen Silberberg,,n,,,,,
Am Klosterfeld,,n,,,,,
Am Krähenberg,,n,,,,,
Am Krökentor,,n,,,,,
Am Krug,,n,,,,,
Am Kuhanger,,n,,,,,
Am Mittellandkanal,,n,,,,,
Am Mittelteich,,n,,,,,
Am Mühlberg,,n,,,,,
Am Mühlenfeld,,n,,,,,
Am Neuber,,n,,,,,
Am Neustädter Feld,,n,,,,,
Am Nordenfeld,,n,,,,,
Am Pfahlberg,,n,,,,,
Am Pfändetor,,n,,,,,
Am Polderdeich,,n,,,,,
Am Polderdeich Seitenweg,,n,,,,,
Am Pumpenhaus,,n,,,,,
Am Rosenbusch,,n,,,,,
Am Schäferbrunnen,,n,,,,,
Am Schöppensteg,,n,,,,,
Am Schraderhof,,m,,,,,
Am Schroteanger,,n,,,,,
Am Schrotepark,,n,,,,,
Am Schweineanger,,n,,,,,
Am See,,n,,,,,
Am Seeufer,,n,,,,,
Am Siel,,n,,,,,
Am Sonnenanger,,n,,,,,
Am Spionskopf,,n,,,,,
Am Sportplatz,,n,,,,,
Am Stadion,,n,,,,,
Am Stadtblick,,n,,,,,
Am Sudenburger Bahnhof,,n,,,,,
Am Sudenburger Tor,,n,,,,,
Am Sülzehafen,,n,,,,,
Am Teich,,n,,,,,
Am Thie,,n,,,,,
Am Unterbär,,n,,,,,
Am Unterhorstweg,,n,,,,,
Am Vogelgesang,,n,,,,,
Am Volkspark,,n,,,,,
Am Vorhorn,,n,,,,,
Am Wasserwerksgraben,,n,,,,,
Am Weinhof,,n,,,,,
Am Wellenberge,,n,,,,,
Am Winterhafen,,n,,,,,
Am Wolfswerder,,n,,,,,
Am Zweigkanal,,n,,,,,
Ambrosiusplatz,,m,,,,,
Ammensleber Straße,,n,,,,,
Ampfurther Weg,,n,,,,,
Amsdorfstraße,,m,,,,,
Amselsteg,,n,,,,,
Amtsgartenstraße,,n,,,,,
An den Barroseen,,n,,,,,
An den Gärten,,n,,,,,
An den Rennwiesen,,n,,,,,
An den Röthen,,n,,,,,
An den Sohlener Bergen,,n,,,,,
An der Alten Synagoge,,n,,,,,
An der Autobahn,,n,,,,,
An der Buckauer Fähre,,n,,,,,
An der Darre,,n,,,,,
An der Elbaue,,n,,,,,
An der Elbe,,n,,,,,
An der Enckekaserne,,m,,,,,
An der Graube,,n,,,,,
An der Halberstädter Chaussee,,n,,,,,
An der Kälberweide,,n,,,,,
An der Kanonenbahn,,n,,,,,
An der Klinke,,n,,,,,
An der Lake,,n,,,,,
An der Nachtweide,,n,,,,,
An der Ölmühle,,n,,,,,
An der Quelle,,n,,,,,
An der Schloßmauer,,n,,,,,
An der Steinkuhle,,n,,,,,
An der Sülze,,n,,,,,
An der Waldschule,,n,,,,,
An der Wanzleber Chaussee,,n,,,,,
An der Wendeschleife,,n,,,,,
Anger-Privatweg,,n,,,,,
Anhaltstraße,,n,,,,,
Angersteg,,n,,,,,
Ankerstraße,,n,,,,,
Anna-Ebert-Brücke,b,f,Die Anna-Ebert-Brücke wurde 1951 nach der KPD-Politikerin Anna Ebert (1889–1947) benannt. Mit der Umbenennung sollte insbesondere ihre Tätigkeit nach 1945 in der Gemeindeverwaltung von Cracau gewürdigt werden.,https://de.wikipedia.org/wiki/Magdeburger_Stra%C3%9Fen/A,wikipedia.org,"Brückfeld, Werder",39114
Annastraße,,f,"Der Name dieser seit 1893 bestehenden Straße, zu der bis 1900 auch die heutige Immermannstraße gehörte, geht auf Anna Krimmling zurück. Anna Krimmling war die Ehefrau des Köthener Bauunternehmers Franz Krimmling der ab 1884 die ersten Häuser in dieser Straße errichtete.",https://de.wikipedia.org/wiki/Magdeburger_Stra%C3%9Fen/A,wikipedia.org,Stadtfeld Ost,39108
Ansbacher Straße,,n,,,,,
Anstaltstraße,,n,,,,,
Apfelstieg,,n,,,,,
Apollostraße,,n,,,,,
Appendorfer Straße,,n,,,,,
Aprikosenweg,,n,,,,,
Arkonastraße,,n,,,,,
Arndtstraße,,m,,,,,
Arnold-Knoblauch-Straße,,m,,,,,
Arnold-Zweig-Straße,,m,,,,,
Arnstädter Straße,,n,,,,,
Arthur-Ruppin-Straße,,m,,,,,
Aßmannstraße,,m,,,,,
Aschersleber Straße,,n,,,,,
Askanischer Platz,,n,,,,,
Asternweg,,n,,,,,
Astonstraße,,f,1992 wurde die Straße nach der Schriftstellerin und Frauenrechtlerin Louise Aston (1814–1871) benannt.,https://de.wikipedia.org/wiki/Magdeburger_Stra%C3%9Fen/A,wikipedia.org,Sudenburg,39116
Atzendorfer Straße,,n,,,,,
Aue,,n,,,,,
Auf den Höhen,,n,,,,,
Auf der Grauwacke,,n,,,,,
August-Bebel-Damm,,m,,,,,
Azaleenweg,,n,,,,,
Babelsberger Straße,,n,,,,,
Bachstelzenweg,,n,,,,,
Bachstraße,,m,,,,,
Bäckergasse,,n,,,,,
Bäckerstraße,,n,,,,,
Backhausstraße,,n,,,,,
Badeleber Straße,,n,,,,,
Badestraße,,n,,,,,
Badeteichstraße,,n,,,,,
Bahnhofstraße,,n,,,,,
Bahnikstraße,,m,,,,,
Bahnstraße,,n,,,,,
Bahrendorfer Straße,,n,,,,,
Bakestraße,,m,,,,,
Ballenstedter Straße,,n,,,,,
Bandwirkerstraße,,n,,,,,
Barbyer Weg,,n,,,,,
Barlachstraße,,m,,,,,
Bärlauchweg,,n,,,,,
Barleber Chaussee,,n,,,,,
Barleber Straße,,n,,,,,
Bärplatz,,n,,,,,
Barschweg,,n,,,,,
Bärstraße,,n,,,,,
Basaltweg,,n,,,,,
Basedowstraße,,m,,,,,
Bassermannstraße,,m,,,,,
Bauernstraße,,?,,,,,
Bauernwerder,,n,,,,,
Bauhausstraße,,n,,,,,
Baumschulenweg,,n,,,,,
Bebelstraße,,m,,,,,
Bebertaler Straße,,n,,,,,
Beethovenstraße,,m,,,,,
Behneweg,,m,,,,,
Behringstraße,,m,,,,,
Bei der Hauptwache,,n,,,,,
Bei Hohmanns,,n,,,,,
Beimsplatz,,m,,,,,
Beimsstraße,,m,,,,,
Bekassinenweg,,n,,,,,
Belsdorfer Weg,,n,,,,,
Benediktinerstraße,,m,,,,,
Benneckenbecker Straße,,n,,,,,
Bennigsenstraße,,m,,,,,
Bergstraße,,n,,,,,
Berliner Chaussee,,n,,,,,
Bernburger Straße,,n,,,,,
Bernhard-Bästlein-Straße,,m,,,,,
Bernhard-Kellermann-Straße,,m,,,,,
Bertha-von-Suttner-Straße,,f,Diese Straße wurde 1945 nach der pazifistischen Schriftstellerin und Friedensnobelpreisträgerin Bertha von Suttner benannt.,https://de.wikipedia.org/wiki/Magdeburger_Stra%C3%9Fen/B,wikipedia.org,Stadtfeld Ost,39108
Bertinger Weg,,n,,,,,
Bertolt-Brecht-Straße,,m,,,,,
Bethanienstraße,,f,"Diese Straße entstand im Jahr 1910. Der Name erinnert an die biblische Gestalt Martha von Bethanien aus dem Dorf Bethanien in der Nähe von Jerusalem. Der Straßenname steht in Zusammenhang mit den benachbarten Pfeifferschen Stiftungen und dem von diesen zu Zwecken der Pflege hier erbauten Haus Bethanien. Martha von Bethanien, Schwester des Lazarus, versorgte nach dem Neuen Testament Jesus.",https://de.wikipedia.org/wiki/Magdeburger_Stra%C3%9Fen/B,wikipedia.org,Cracau,39114
Bettina-von-Arnim-Straße,,f,"Bettina von Arnim (geborene Elisabeth Catharina Ludovica Magdalena Brentano, auch Bettine; * 4. April 1785 in Frankfurt am Main; † 20. Januar 1859 in Berlin) war eine deutsche Schriftstellerin und bedeutende Vertreterin der deutschen Romantik.",https://de.wikipedia.org/wiki/Bettina_von_Arnim,wikipedia.org,Herrenkrug,39114
Beyendorfer Dorfstraße,,n,,,,,
Beyendorfer Kirchweg,,n,,,,,
Beyendorfer Privatweg,,n,,,,,
Beyendorfer Straße,,n,,,,,
Beyendorfer Weg,,n,,,,,
Biberweg,,n,,,,,
Biederitzer Weg,,n,,,,,
Bienenweg,,n,,,,,
Bierer Weg,,n,,,,,
Biesengrund,,?,,,,,
Binsenbreite-Privatweg,,n,,,,,
Birkenallee,,n,,,,,
Birkenweg,,n,,,,,
Birkenweiler,,n,,,,,
Birkenweiler 1.Gartenweg,,n,,,,,
Birkenweiler 2.Gartenweg,,n,,,,,
Birkenweiler 3.Gartenweg,,n,,,,,
Birkenweiler 4.Gartenweg,,n,,,,,
Birkenweiler 5.Gartenweg,,n,,,,,
Birkenweiler 6.Gartenweg,,n,,,,,
Birkenweiler 7.Gartenweg,,n,,,,,
Birkenweiler 8.Gartenweg,,n,,,,,
Birkenweiler 9.Gartenweg,,n,,,,,
Birkhahnweg,,n,,,,,
Birkholzer Weg,,n,,,,,
Birnenweg,,n,,,,,
Bisamweg,,n,,,,,
Bittkauer Weg,,n,,,,,
Blankenburger Straße,,n,,,,,
Blauebeilstraße,,n,,,,,
Blechenweg,,?,,,,,
Bleckenburgstraße,,n,,,,,
Bleichenweg,,?,,,,,
Blesshuhnweg,,n,,,,,
Blumenberger Straße,,n,,,,,
Blumenstraße,,n,,,,,
Blütengasse,,n,,,,,
Blütengrund,,n,,,,,
Bodestraße,,n,,,,,
Bödikerstraße,,m,,,,,
Bölschestraße,,m,,,,,
Boquet-Graseweg,,m,,,,,
Bördeachtel,,n,,,,,
Bördebogen,,n,,,,,
Bördestraße,,n,,,,,
Borner Weg,,n,,,,,
Bornstedter Weg,,n,,,,,
Bötticherplatz,,m,,,,,
Brandenburger Straße,,n,,,,,
Brändströmweg,,f,Diese Straße wurde nach der schwedischen Philanthropin Elsa Brändström benannt.,https://de.wikipedia.org/wiki/Magdeburger_Stra%C3%9Fen/B,wikipedia.org,Herrenkrug,39114
Brandtstraße,,?,,,,,
Brassenweg,,n,,,,,
Brauereistraße,,n,,,,,
Braunlager Straße,,n,,,,,
Braunschweiger Straße,,n,,,,,
Braunsfelde,,?,,,,,
Breite Straße,,n,,,,,
Breiter Weg,,n,,,,,
Breitscheidstraße,,m,,,,,
Bremer Straße,,n,,,,,
Brenneckestraße,,m,,,,,
Breslauer Weg,,n,,,,,
Brigitte-Reimann-Straße,,f,"Die Straße wurde mit Beschluss des Stadtrates vom 4. November 2004, auf Vorschlag der Stadtverwaltung, nach der Schriftstellerin Brigitte Reimann benannt. Im Rahmen der Bebauung einer ehemaligen Kasernenanlage zwischen Thomas-Mann-Straße und Klusdamm waren bereits mehrere neue Straßen nach Schriftstellern (zum Beispiel Erich-Kästner-Straße, Hans-Fallada-Weg) benannt worden. Diese Reihe sollte fortgesetzt werden. Die Wahl fiel auf die in der Region Magdeburg geborene Brigitte Reimann.",https://de.wikipedia.org/wiki/Magdeburger_Stra%C3%9Fen/B,wikipedia.org,Prester,39114
Brombeerweg,,n,,,,,
Brücke am Wasserfall,b,n,,,,,
Brückenbreite,,n,,,,,
Brückstraße,,n,,,,,
Brüderstraße,,n,,,,,
Brueghelweg,,m,,,,,
Brunnenweg,,?,,,,,
Brunnerstraße,,m,,,,,
Bruno-Beye-Ring,,m,,,,,
Bruno-Taut-Ring,,m,,,,,
Bruno-Wille-Straße,,m,,,,,
Buchenweg,,n,,,,,
Büchnerstraße,,?,,,,,
Buckauer Straße,,n,,,,,
Budenbergstraße,,m,,,,,
Büdener Straße,,n,,,,,
Bülstringer Straße,,n,,,,,
Bundschuhstraße,,n,,,,,
Bunsenstraße,,m,,,,,
Bunter Weg,,n,,,,,
Burchardstraße,,m,,,,,
Bürgelstraße,,m,,,,,
Burgenser Weg,,n,,,,,
Burger Straße,,n,,,,,
Burgkmairweg,,m,,,,,
Burgstaller Weg,,n,,,,,
Burgstraße,,n,,,,,
Buschbreite,,n,,,,,
Buschfeldstraße,,n,,,,,
Buschweg,,n,,,,,
Bussardweg,,n,,,,,
Calbische Straße,,n,,,,,
Calenberger Dorfstraße,,n,,,,,
Calenberger Straße,,n,,,,,
Calvörder Straße,,n,,,,,
Camersdorfer Straße,,n,,,,,
Carl-Krayl-Ring,,m,,,,,
Carl-Miller-Straße,,m,,,,,
Carnotstraße,,m,,,,,
Caspar-David-Friedrich-Weg,,m,,,,,
Charles-de-Gaulle-Platz,,m,,,,,
Charlottenstraße,,f,,,,Neue Neustadt,39124
Christa-Johannsen-Straße,,f,Die am 16. Oktober 2006 beschlossene Benennung der Straße erinnert an die in Magdeburg tätige deutsche Schriftstellerin und Publizistin Christa Johannsen (1914–1981).,https://de.wikipedia.org/wiki/Magdeburger_Stra%C3%9Fen/C,wikipedia.org,Prester,39114
Christian-Peicke-Straße,,m,,,,,
Cochstedter Straße,,n,,,,,
Colbitzer Straße,,n,,,,,
Comeniusstraße,,m,,,,,
Coquistraße,,m,,,,,
Coswiger Straße,,n,,,,,
Cracauer Straße,,n,,,,,
Crucigerstraße,,m,,,,,
Curiestraße,,f,Benannt nach der Wissenschaftlerin und Nobelpreisträgerin Marie Curie.,https://de.wikipedia.org/wiki/Magdeburger_Stra%C3%9Fen/C,wikipedia.org,Neue Neustadt,39124
Dachsbreite,,n,,,,,
Dahlienweg,,n,,,,,
Damaschkeplatz,,m,,,,,
Damaschkeweg,,m,,,,,
Dannefelder Straße,,n,,,,,
Danzstraße,,m,,,,,
Dehmbergstraße,,n,,,,,
Deichweg,,n,,,,,
Denekestraße,,m,,,,,
Denhardtstraße,,?,,,,,
Dequeder Straße,,n,,,,,
Derenburger Weg,,n,,,,,
Dessauer Straße,,n,,,,,
Die Fahrt,,n,,,,,
Diesdorfer Graseweg,,n,,,,,
Diesdorfer Privatweg,,n,,,,,
Diesdorfer Wuhne,,n,,,,,
Diesterwegstraße,,n,,,,,
Dietrichstraße,,m,,,,,
Dillweg,,n,,,,,
Dinkelgrund,,n,,,,,
Distelweg,,n,,,,,
Doctor-Eisenbart-Ring,,m,,,,,
Dodendorfer Platz,,n,,,,,
Dodendorfer Straße,,n,,,,,
Dodendorfer Weg,,n,,,,,
Dohlenstieg,,n,,,,,
Döllweg,,n,,,,,
Domersleber Weg,,n,,,,,
Domplatz,,n,,,,,
Dorfplatz,,n,,,,,
Dorfstraße,,n,,,,,
Dornburger Weg,,n,,,,,
Dorotheenstraße,,f,"Die Dorotheenstraße ist nach der Gastwirtin Dorothea Knust benannt. Sie war Mitte des 19. Jahrhunderts Wirtin einer Kneipe in dieser Straße und rauchte so leidenschaftlich Zigarre, dass sie bald über die Stadtgrenzen hinaus bekannt war und zu einer „lebenden Legende“ wurde. In ihrer Kneipe herrschte reger Publikumsverkehr. Nach ihrem Tod wurde ihr dieser Straßennamen gewidmet.",https://de.wikipedia.org/wiki/Magdeburger_Stra%C3%9Fen/D,wikipedia.org,Buckau,39104
Dr.-Grosz-Straße,,m,,,,,
Dr.-Weißler-Weg,,m,,,,,
Drackenstedter Weg,,n,,,,,
Draisweg,,m,,,,,
Dräseckeplatz,,m,,,,,
Dreibrückenstraße,,n,,,,,
Dreileber Weg,,n,,,,,
Drews-Privatweg,,?,,,,,
Drosselsteig,,n,,,,,
Drübecker Weg,,n,,,,,
Druxberger Weg,,n,,,,,
Dükerweg,,?,,,,,
Dungertweg,,m,,,,,
Düppler Grund,,n,,,,,
Düppler Mühlenplatz,,n,,,,,
Düppler Mühlenstraße,,n,,,,,
Dürerstraße,,m,,,,,
Ebel-Privatweg,,?,,,,,
Ebendorfer Chaussee,,n,,,,,
Ebendorfer Straße,,n,,,,,
Eckernförder Straße,,n,,,,,
Ede-und-Unku-Weg,,f,Ede und Unku ist ein Jugendroman der deutschen Autorin Grete Weiskopf (Pseudonym Alex Wedding). Die Erstausgabe erschien 1931 im Berliner Malik-Verlag.,https://de.wikipedia.org/wiki/Ede_und_Unku,wikipedia.org,Großer Silberberg,39128
Editharing,,f,"Benannt nach der Königin Editha. Mit den Straßen Sachsenring, Adelheidring und Kaiser-Otto-Ring bildete der Editharing ursprünglich einen Weg der westlich vor den Befestigungsanlagen der Stadt Magdeburg verlief und fast einen Halbkreis um die Stadt schloss. Durch den Bau der Stadtautobahn Magdeburger Ring wurde dieser Weg mehrfach unterbrochen. Der nördliche Teil des Editharings wurde durch die Stadtautobahn überbaut.",https://de.wikipedia.org/wiki/Magdeburger_Stra%C3%9Fen/E,wikipedia.org,Stadtfeld Ost,39108
Edithawinkel,,f,,,,Stadtfeld Ost,39108
Egelner Straße,,n,,,,,
Egerländer Weg,,n,,,,,
Eggersdorfer Straße,,n,,,,,
Egmontstraße,,m,,,,,
Ehlegrund,,n,,,,,
Eibenweg,,n,,,,,
Eichendorffstraße,,m,,,,,
Eichenweg,,n,,,,,
Eichplatz,,n,,,,,
Eickendorfer Straße,,n,,,,,
Eigene Scholle,,n,,,,,
Eimersleber Weg,,n,,,,,
Einbahnstraße,,n,,,,,
Einsteinstraße,,m,,,,,
Eisenacher Straße,,n,,,,,
Eiskellerplatz,,n,,,,,
Eisleber Straße,,n,,,,,
Eisnerstraße,,m,,,,,
Eisvogelstraße,,n,,,,,
Elbenauer Straße,,n,,,,,
Elbeuer Straße,,n,,,,,
Elbstraße,,n,,,,,
Elbweg,,n,,,,,
Elisenstraße,,f,,,,Fermersleben,39122
Elmer Straße,,n,,,,,
Elsterweg,,n,,,,,
Emanuel-Larisch-Weg,,m,,,,,
Emdener Weg,,n,,,,,
Emil-Rungwerth-Weg,,m,,,,,
Emilien-Privatweg,,?,,,,,
Endelstraße,,?,,,,,
Engel-Privatweg,,?,,,,,
Erdbeerweg,,n,,,,,
Erfurter Straße,,n,,,,,
Erhard-Hübener-Platz,,m,,,,,
Erich-Brose-Weg,,m,,,,,
Erich-Kästner-Straße,,m,,,,,
Erich-Mühsam-Straße,,m,,,,,
Erich-Weinert-Straße,,m,,,,,
Erlenweg,,n,,,,,
Erlkönigstraße,,n,,,,,
Ernst-Lehmann-Straße,,m,,,,,
Ernst-Reuter-Allee,,m,,,,,
Ernst-Toller-Straße,,m,,,,,
Ernst-Wille-Straße,,m,,,,,
Erpitzer Straße,,n,,,,,
Erxleber Straße,,n,,,,,
Erzbergerstraße,,m,,,,,
Eschenröder Straße,,n,,,,,
Eschenweg,,n,,,,,
Etgersleber Weg,,n,,,,,
Eulespring,,n,,,,,
Europaring,,n,,,,,
Faber-Privatweg,,m,,,,,
Faberstraße,,m,,,,,
Fabriciusstraße,,?,,,,,
Fabrikenstraße,,n,,,,,
Fährstraße,,n,,,,,
Falkenbergstraße,,m,,,,,
Falkenweg,,n,,,,,
Fallersleber Straße,,n,,,,,
Falterstieg,,n,,,,,
Farnkrautbreite,,n,,,,,
Farsleber Straße,,n,,,,,
Faßlochsberg,,n,,,,,
Fasanenstraße,,n,,,,,
Faulmannstraße,,m,,,,,
Fauststraße,,n,,,,,
Feierabend-Privatweg,,n,,,,,
Feldstraße,,n,,,,,
Felgeleber Straße,,n,,,,,
Felsenbergstraße,,n,,,,,
Felsengrund,,n,,,,,
Felsweg,,n,,,,,
Fenchelweg,,n,,,,,
Ferchlander Weg,,n,,,,,
Ferdinand-Schrey-Straße,,m,,,,,
Ferdinand-von-Schill-Straße,,m,,,,,
Fermersleber Weg,,n,,,,,
Feuerbachstraße,,m,,,,,
Fichtestraße,,n,,,,,
Finkensteig,,n,,,,,
Fischer-Privatweg,,?,,,,,
Flachsbreite,,n,,,,,
Flechtinger Straße,,n,,,,,
Flensburger Straße,,n,,,,,
Fliedergrund,,n,,,,,
Fliederweg,,n,,,,,
Florian-Geyer-Straße,,m,,,,,
Förderstedter Straße,,n,,,,,
Forellenweg,,n,,,,,
Försterstraße,,n,,,,,
Forsthausstraße,,n,,,,,
Franckestraße,,m,,,,,
Frankefelde,,?,,,,,
Frans-Hals-Weg,,m,,,,,
Fraunhoferplatz,,m,,,,,
Freie Straße,,n,,,,,
Freiherr-vom-Stein-Straße,,m,,,,,
Freiligrathstraße,,m,,,,,
Freundschaftsweg,,n,,,,,
Friedensauer Weg,,n,,,,,
Friedensbrücken,b,n,,,,,
Friedensplatz,,n,,,,,
Friedenstraße,,n,,,,,
Friedhofstraße,,n,,,,,
Friedhofsweg,,n,,,,,
Friedrich-Aue-Straße,,m,,,,,
Friedrich-Ebert-Straße,,m,,,,,
Friedrich-Engels-Straße,,m,,,,,
Friedrich-List-Straße,,m,,,,,
Friedrich-Naumann-Straße,,m,,,,,
Friesenstraße,,m,,,,,
Frischauf-Privatweg,,n,,,,,
Fritz-Hahn-Straße,,m,,,,,
Fritz-Maenicke-Straße,,m,,,,,
Fritz-Reuter-Straße,,m,,,,,
Fritze-Bollmann-Straße,,m,,,,,
Fröbelstraße,,m,,,,,
Froese-Privatweg,,?,,,,,
Froschgrund,,n,,,,,
Froser Straße,,n,,,,,
Fürstenwall,,n,,,,,
Fürstenwallstraße,,n,,,,,
Furtlake-Privatweg,,n,,,,,
Gabelsbergerstraße,,m,,,,,
Gaertnerstraße,,m,,,,,
Gagernstraße,,m,,,,,
Galileostraße,,m,,,,,
Ganghoferstraße,,m,,,,,
Gardeleger Straße,,n,,,,,
Gareisstraße,,m,,,,,
Garke-Privatweg,,?,,,,,
Gartenheimweg,,n,,,,,
Gartenstraße,,n,,,,,
Gartenweg,,n,,,,,
Gasereistraße,,n,,,,,
Gaußstraße,,m,,,,,
Geißlerstraße,,?,,,,,
Gellertstraße,,m,,,,,
Genossenschaftsweg,,n,,,,,
Genthiner Straße,,n,,,,,
Georg-Becker-Straße,,m,,,,,
Georg-Heidler-Straße,,m,,,,,
Georg-Kaiser-Straße,,m,,,,,
Georg-Singer-Straße,,m,,,,,
Geraer Straße,,n,,,,,
Gerhart-Hauptmann-Straße,,m,,,,,
Gernröder Straße,,n,,,,,
Gersdorfer Straße,,n,,,,,
Gersdorfer Weg,,n,,,,,
Gerstengrund,,n,,,,,
Gerwischer Straße,,n,,,,,
Geschwister-Scholl-Straße,,f,Benannt den Widerstandskämpfern gegen den Nationalsozialismus Sophie und Hans Scholl (Geschwister Scholl).,https://de.wikipedia.org/wiki/Magdeburger_Stra%C3%9Fen/G,wikipedia.org,Ottersleben,39116
Ginsterbreite,,n,,,,,
Gleimweg,,m,,,,,
Glindenberger Weg,,n,,,,,
Gnadauer Straße,,n,,,,,
Gneisenauring,,m,,,,,
Goethestraße,,m,,,,,
Goldammerweg,,n,,,,,
Goldschmidtring,,m,,,,,
Goldschmiedebrücke,,n,,,,,
Goslarer Straße,,n,,,,,
Gothaer Straße,,n,,,,,
Gouvernementsberg,,n,,,,,
Grabbestraße,,m,,,,,
Grabower Straße,,n,,,,,
Graffweg,,m,,,,,
Granitweg,,n,,,,,
Graubestraße,,n,,,,,
Greifenhagener Straße,,n,,,,,
Greifenwerder,,n,,,,,
Greifswalder Straße,,n,,,,,
Grenzweg,,n,,,,,
Griebener Weg,,n,,,,,
Griesemann-Privatweg,,m,,,,,
Grillenstieg,,n,,,,,
Grimm-Privatweg,,?,,,,,
Gröninger Straße,,n,,,,,
Gröperstraße,,n,,,,,
Große Diesdorfer Straße,,n,,,,,
Große Klosterstraße,,n,,,,,
Große Münzstraße,,n,,,,,
Große Schulgasse,,n,,,,,
Große Steinernetischstraße,,n,,,,,
Große Weinhofstraße,,n,,,,,
Großer Gang,,n,,,,,
Großer Hof,,n,,,,,
Großer Kannenstieg,,n,,,,,
Großer Werder,,n,,,,,
Grüne Gasse,,n,,,,,
Grünewaldweg,,m,,,,,
Grünstraße,,n,,,,,
Grusonstraße,,m,,,,,
Gübser Damm,,n,,,,,
Gübser Weg,,n,,,,,
Günter-Särchen-Straße,,m,,,,,
Gustav-Adolf-Straße,,m,,,,,
Gustav-Ricker-Straße,,m,,,,,
Gustav-Trombke-Straße,,m,,,,,
Güstener Straße,,n,,,,,
Gustl-Möller-Straße,,m,,,,,
Gutenbergstraße,,m,,,,,
Gutensweger Straße,,n,,,,,
GutsMuthsweg,,m,,,,,
Habichtweg,,n,,,,,
Hadmersleber Straße,,n,,,,,
Haeckelstraße,,m,,,,,
Hafenstraße,,n,,,,,
Haferbreite,,n,,,,,
Hagebuttenweg,,n,,,,,
Hagedornstraße,,m,,,,,
Hahnemannstraße,,m,,,,,
Hakeborner Straße,,n,,,,,
Hakenstedter Weg,,n,,,,,
Halberstädter Chaussee,,n,,,,,
Halberstädter Straße,,n,,,,,
Haldensleber Straße,,n,,,,,
Hallische Straße,,n,,,,,
Hamburger Damm,,n,,,,,
Hamburger Straße,,n,,,,,
Hammersteinweg,,m,,,,,
Hamsterbreite,,n,,,,,
Hängelsbreite,,n,,,,,
Hannoversche Straße,,n,,,,,
Hanns-Eisler-Platz,,m,,,,,
Hans-Behrendt-Weg,,m,,,,,
Hans-Fallada-Weg,,m,,,,,
Hans-Grade-Straße,,m,,,,,
Hans-Grundig-Straße,,m,,,,,
Hans-Haupt-Weg,,m,,,,,
Hans-Löscher-Straße,,m,,,,,
Hansapark,,n,,,,,
Hansastraße,,n,,,,,
Harbker Straße,,n,,,,,
Hardenbergstraße,,m,,,,,
Harnackstraße,,m,,,,,
Harro-Schulze-Boysen-Straße,,m,,,,,
Harsdorfer Berg,,n,,,,,
Harsdorfer Bierweg,,n,,,,,
Harsdorfer Platz,,n,,,,,
Harsdorfer Straße,,n,,,,,
Harsdorfer Worthen,,n,,,,,
Hartstraße,,n,,,,,
Harzburger Straße,,n,,,,,
Haselnussweg,,n,,,,,
Hasenbreite,,n,,,,,
Hasenpflugstraße,,m,,,,,
Hasselbachplatz,,m,,,,,
Hasselbachstraße,,m,,,,,
Hauffstraße,,m,,,,,
Hauptstraße,,n,,,,,
Havelstraße,,n,,,,,
Haverlaher Straße,,n,,,,,
Haydnplatz,,m,,,,,
Hebbelstraße,,m,,,,,
Hechtweg,,n,,,,,
Heckenweg,,n,,,,,
Hecklinger Straße,,n,,,,,
Hegelstraße,,m,,,,,
Hegewiesenweg,,?,,,,,
Heidelbeerweg,,n,,,,,
Heidestraße,,m,,,,,
Heideweg,,n,,,,,
Heimat-Privatstraße,,n,,,,,
Heimweg,,n,,,,,
Heinrich-Heine-Platz,,m,,,,,
Heinrich-Heine-Weg,,m,,,,,
Heinrich-Lange-Grund,,m,,,,,
Heinrich-Mundlos-Ring,,m,,,,,
Heinrich-Schmutze-Straße,,m,,,,,
Heinrich-Wunderling-Straße,,m,,,,,
Heinrich-Zille-Straße,,m,,,,,
Heinrichplatz,,m,,,,,
Heinrichsberger Privatweg,,n,,,,,
Heinrichsberger Straße,,n,,,,,
Heinrichstraße,,m,,,,,
Heinz-Krügel-Platz,,m,,,,,
Heinz-Sommer-Weg,,m,,,,,
Heiseweg,,f,Benannt nach der Bildhauerin und Malerin Katharina Heise.,https://de.wikipedia.org/wiki/Magdeburger_Stra%C3%9Fen/H,wikipedia.org,Ottersleben,39116
Hektorweg,,m,Benannt nach einem Asteroiden,,,,
Helene-Weigel-Straße,,f,Benannt nach der Schauspielerin und Intendantin Helene Weigel.,https://de.wikipedia.org/wiki/Magdeburger_Stra%C3%9Fen/H,wikipedia.org,Kannenstieg,39128
Hellasweg,,f,Die Straße wurde nach dem traditionsreichen 1904 gegründeten Schwimmverein SC Hellas Magdeburg benannt.,https://de.wikipedia.org/wiki/Magdeburger_Stra%C3%9Fen/H,wikipedia.org,Neue Neustadt,39124
Hellestraße,,m,,,,,
Helmholtzstraße,,m,,,,,
Helmstedter Chaussee,,n,,,,,
Helmstedter Straße,,n,,,,,
Hemsdorfer Straße,,n,,,,,
Henning-von-Tresckow-Straße,,m,,,,,
Henny-Porten-Straße,,f,"Benannt nach der Filmschauspielerin, Drehbuchautorin und Filmproduzentin Henny Porten.",https://de.wikipedia.org/wiki/Magdeburger_Stra%C3%9Fen/H,wikipedia.org,Buckau,39104
Herbartstraße,,m,,,,,
Herbert-Landwehr-Straße,,m,,,,,
Herbert-Stauch-Straße,,m,,,,,
Herderstraße,,m,,,,,
Hermann-Bruse-Platz,,m,,,,,
Hermann-Hesse-Straße,,m,,,,,
Hermann-Löns-Straße,,m,,,,,
Hermannstraße,,?,,,,,
Hermelinweg,,n,,,,,
Herrenkrug,,n,,,,,
Herrenkrugsteg,,n,,,,,
Herrenkrugstraße,,n,,,,,
Hertzstraße,,m,,,,,
Herweghstraße,,m,,,,,
Hesekielstraße,,m,,,,,
Hettstedter Straße,,n,,,,,
Heydeckstraße,,m,,,,,
Heyneckes Garten,,m,,,,,
Hillersleber Straße,,n,,,,,
Hilligerstraße,,?,,,,,
Himbeerweg,,n,,,,,
Himmelreichstraße,,n,,,,,
Hinter den Holzstrecken,,n,,,,,
Hirschbreite,,n,,,,,
Hirtenstraße,,?,,,,,
Hoffnung-Privatweg,,n,,,,,
Hohe Leuchte,,n,,,,,
Hohe Straße,,n,,,,,
Hohe Wiese,,n,,,,,
Hohefeld-Privatweg,,n,,,,,
Hohendodeleber Chaussee,,n,,,,,
Hohendodeleber Straße,,n,,,,,
Hohendodeleber Weg,,n,,,,,
Hohenstaufenring,,n,,,,,
Hohenwarther Straße,,n,,,,,
Hohenwender Weg,,?,,,,,
Hohepfortestraße,,n,,,,,
Hohepfortewall,,n,,,,,
Hohes Feld,,n,,,,,
Hohestieg,,n,,,,,
Hoheuferstraße,,n,,,,,
Hohlweg,,?,,,,,
Holbeinstraße,,m,,,,,
Hollehochstraße,,?,,,,,
Holsteiner Straße,,n,,,,,
Holunderweg,,n,,,,,
Holzweg,,n,,,,,
Hopfenbreite,,n,,,,,
Hopfenpark,,n,,,,,
Hopfenplatz,,n,,,,,
Hösebergweg,,?,,,,,
Hospitalstraße,,n,,,,,
Hosse-Privatweg,,?,,,,,
Hötensleber Straße,,n,,,,,
Hubertusstraße,,m,,,,,
Huflattichweg,,n,,,,,
Hugenottenstraße,,n,,,,,
Hugo-Junkers-Allee,,m,,,,,
Hugo-Vogel-Straße,,m,,,,,
Humboldtstraße,,m,,,,,
Hummelweg,,n,,,,,
Hundisburger Straße,,n,,,,,
Hundorfer Weg,,n,,,,,
Husumer Straße,,n,,,,,
Huttenstraße,,m,,,,,
Ibisweg,,?,,,,,
Igelweg,,n,,,,,
Ihleburger Straße,,n,,,,,
Ilmenauer Straße,,n,,,,,
Ilse-Voigt-Straße,,f,Die am 16. Oktober 2006 beschlossene Benennung der Straße erinnert an die in Magdeburg tätige Schauspielerin und Synchronsprecherin Ilse Voigt (1905–1990).,https://de.wikipedia.org/wiki/Magdeburger_Stra%C3%9Fen/I,wikipedia.org,Prester,39114
Ilsenburger Straße,,n,,,,,
Ilsestraße,,n,,,,,
Iltisweg,,n,,,,,
Im Brückfeld,,n,,,,,
Im Brunnenhof,,n,,,,,
Im Busch,,n,,,,,
Im Elbbahnhof,,n,,,,,
Im Felde,,n,,,,,
Im Gänseei,,n,,,,,
Im Grünen,,n,,,,,
Im Kräuterwinkel,,n,,,,,
Im Mittelfelde,,n,,,,,
Im Rennegarten,,n,,,,,
Im Rosenwinkel,,n,,,,,
Im Sauerfeld,,n,,,,,
Im Siek,,n,,,,,
Im Steingewände,,n,,,,,
Im Winkel,,n,,,,,
Immermannstraße,,m,,,,,
In den Gehren,,n,,,,,
In den Meerwellen,,n,,,,,
In den Worthen,,n,,,,,
In der Mittelwiese,,n,,,,,
In der Rönnepöhle,,n,,,,,
In der Spitzbreite,,n,,,,,
Industriestraße,,n,,,,,
Innsbrucker Straße,,n,,,,,
Inselstraße,,n,,,,,
Insleber Straße,,n,,,,,
Irenenplatz,,?,,,,,
Irxleber Straße,,n,,,,,
Ivenroder Weg,,n,,,,,
Jahnring,,m,,,,,
Jahnstraße,,m,,,,,
Jakob-Wassermann-Straße,,m,,,,,
Jakobstraße,,m,,,,,
Jasminweg,,n,,,,,
Jean-Burger-Straße,,m,,,,,
Jenaer Straße,,n,,,,,
Jerichower Platz,,n,,,,,
Jerichower Straße,,n,,,,,
Jersleber Straße,,n,,,,,
Jerusalembrücken,b,n,,,,,
Johann-Gottlieb-Schoch-Straße,,m,,,,,
Johann-Gottlob-Nathusius-Ring,,m,,,,,
Johannes-Göderitz-Straße,,m,,,,,
Johannes-Kirsch-Straße,,m,,,,,
Johannes-Kollwitz-Weg,,m,,,,,
Johannes-Münze-Straße,,m,,,,,
Johannes-R.-Becher-Straße,,m,,,,,
Johannes-Schlaf-Straße,,m,,,,,
Johannisbergstraße,,m,,,,,
Johanniskirchhof,,m,,,,,
Jordanstraße,,m,,,,,
Joseph-von-Fraunhofer-Straße,,m,,,,,
Julius-Bremer-Straße,,m,,,,,
Juliusstraße,,m,,,,,
Junoweg,,f,"Die Straße wurde nach dem Asteroid Juno benannt, der seinerseits nach der römischen Göttin Juno benannt wurde.",https://de.wikipedia.org/wiki/Magdeburger_Stra%C3%9Fen/J,wikipedia.org,Reform,39118
Jupiterweg,,m,Planet bzw. Römischer Gott,,,,
Juri-Gagarin-Straße,,m,,,,,
Jutta-Balk-Straße,,f,Benannt nach Mitbegründerin des Magdeburger Puppentheaters Jutta Balk.,https://de.wikipedia.org/wiki/Magdeburger_Stra%C3%9Fen/J,wikipedia.org,Buckau,39104
Käferweg,,n,,,,,
Kahnstraße,,?,,,,,
Kaiser-Otto-Ring,,m,,,,,
Kalenberger Straße,,n,,,,,
Kalksteinweg,,n,,,,,
Kamillenweg,,n,,,,,
Kannenstieg,,n,,,,,
Kantstraße,,m,,,,,
Kapellenstraße,,n,,,,,
Karauschenweg,,n,,,,,
Karen-Fredersdorf-Straße,,m,,,,,
Karl-Kühn-Weg,,m,,,,,
Karl-Liebknecht-Platz,,m,,,,,
Karl-Schmidt-Straße,,m,,,,,
Karl-Schurz-Straße,,m,,,,,
Karlsbader Weg,,n,,,,,
Karlstraße,,m,,,,,
Karnipstraße,,?,,,,,
Karpenlake,,?,,,,,
Karpfenweg,,n,,,,,
Kastanienstraße,,n,,,,,
Katerstieg,,n,,,,,
Käthe-Kollwitz-Straße,,m,,,,,
Katzensprung,,n,,,,,
Kaunasweg,,?,,,,,
Kavalier Scharnhorst,,m,,,,,
Kehnerter Weg,,n,,,,,
Keplerstraße,,m,,,,,
Kerbelbreite,,n,,,,,
Ketzerstraße,,n,,,,,
Keuperwinkel,,?,,,,,
Kiefernweg,,n,,,,,
Kieler Straße,,n,,,,,
Kiesweg,,n,,,,,
Kirchhofstraße,,n,,,,,
Kirchplatz,,n,,,,,
Kirchstraße,,n,,,,,
Kirschweg,,n,,,,,
Kischstraße,,m,,,,,
Klaus-Miesner-Platz,,m,,,,,
Klausenerstraße,,m,,,,,
Kleeweg,,m,,,,,
Kleiberweg,,n,,,,,
Kleine Lindenallee,,n,,,,,
Kleine Münzstraße,,n,,,,,
Kleine Schulgasse,,n,,,,,
Kleine Schulstraße,,n,,,,,
Kleine Steinwiese,,n,,,,,
Kleine Steinwiese 1.Gartenweg,,n,,,,,
Kleine Steinwiese 2.Gartenweg,,n,,,,,
Kleine Steinwiese 3.Gartenweg,,n,,,,,
Kleine Steinwiese 4.Gartenweg,,n,,,,,
Kleine Steinwiese 5.Gartenweg,,n,,,,,
Kleine Sternstraße,,n,,,,,
Kleine Straße,,n,,,,,
Kleiner Ahornweg,,n,,,,,
Kleiner Birkenweg,,n,,,,,
Kleiner Gang,,n,,,,,
Kleiner Rosenweg,,n,,,,,
Kleiner Stadtmarsch,,n,,,,,
Kleiner Werder,,n,,,,,
Kleiststraße,,m,,,,,
Klewitzstraße,,m,,,,,
Klinkebachstraße,,n,,,,,
Klopstockstraße,,m,,,,,
Klosterberge-Privatweg,,n,,,,,
Klosterbergestraße,,n,,,,,
Klosterfelde,,n,,,,,
Klostergraben,,n,,,,,
Klosterhof,,n,,,,,
Klosterhufe,,n,,,,,
Klosterkamp,,n,,,,,
Klosterwuhne,,n,,,,,
Klötzer Weg,,n,,,,,
Klusdamm,,n,,,,,
Klusdamm-Privatweg,,n,,,,,
Klusweg,,n,,,,,
Knochenhauerufer,,n,,,,,
Koburger Straße,,n,,,,,
Kolibriweg,,n,,,,,
Kölner Platz,,n,,,,,
Kometenweg,,n,,,,,
Königsborner Straße,,n,,,,,
Königstraße,,n,,,,,
Königsweg,,n,,,,,
Königswerder,,n,,,,,
Konrad-Adenauer-Platz,,m,,,,,
Kopfendenweg,,n,,,,,
Koppelanger,,n,,,,,
Körbelitzer Straße,,n,,,,,
Korbwerder,,n,,,,,
Kormoranweg,,n,,,,,
Kornblumenweg,,n,,,,,
Körnerstraße,,m,,,,,
Koskastraße,,?,,,,,
Kosmonautenweg,,n,,,,,
Kosmos-Promenade,,n,,,,,
Köthener Straße,,n,,,,,
Kraftwerk-Privatweg,,n,,,,,
Krähenstieg,,n,,,,,
Kranichweg,,n,,,,,
Kreipestraße,,?,,,,,
Kreisstraße,,n,,,,,
Kresseweg,,n,,,,,
Kretschmannstraße,,m,,,,,
Kreuzbreite,,n,,,,,
Kreuzgangstraße,,n,,,,,
Kreuzhorststraße,,n,,,,,
Kritzmannstraße,,m,,,,,
Kroatenweg,,n,,,,,
Kroatenwuhne,,n,,,,,
Krokusweg,,n,,,,,
Kroppenstedter Straße,,n,,,,,
Krügerbrücke,,?,,,,,
Krugstraße,,n,,,,,
Krumme Gasse,,n,,,,,
Krumme Straße,,n,,,,,
Kuckhoffplatz,,m,,,,,
Kuckuckweg,,n,,,,,
Küferstraße,,?,,,,,
Kühleweinstraße,,m,,,,,
Kulk-Privatweg,,?,,,,,
Külzauer Straße,,n,,,,,
Kümmelsberg,,n,,,,,
Kürbisweg,,n,,,,,
Kurze Gasse,,n,,,,,
Kurze Straße,,n,,,,,
Kurzeschlag-Privatweg,,n,,,,,
Kutscherstraße,,n,,,,,
Kutzstraße,,m,,,,,
Kyffhäuserstraße,,n,,,,,
Laaßstraße,,m,,,,,
Ladeburger Weg,,n,,,,,
Landwüststraße,,n,,,,,
Lange Lake,,n,,,,,
Langefelder Weg,,n,,,,,
Langensteiner Weg,,n,,,,,
Langenweddinger Straße,,n,,,,,
Langer Heinrich,,m,,,,,
Langer Schlag,,n,,,,,
Langer Weg,,n,,,,,
Lärchenstraße,,n,,,,,
Lassallestraße,,m,,,,,
Lauben-Privatweg,,n,,,,,
Lauestraße,,m,,,,,
Lavendelweg,,n,,,,,
Lebersdorfer Straße,,n,,,,,
Leibnizstraße,,m,,,,,
Leineweberstraße,,n,,,,,
Leipziger Chaussee,,n,,,,,
Leipziger Straße,,n,,,,,
Leiterstraße,,n,,,,,
Leitzkauer Weg,,n,,,,,
Lemsdorfer Weg,,n,,,,,
Lenaustraße,,m,,,,,
Lennéstraße,,m,,,,,
Lentkestraße,,m,,,,,
Leopoldshaller Straße,,n,,,,,
Lerchenhain-Privatweg,,n,,,,,
Lerchenwuhne,,n,,,,,
Lessingplatz,,m,,,,,
Lessingstraße,,m,,,,,
Letzlinger Straße,,n,,,,,
Leuschnerstraße,,m,,,,,
Libellenweg,,n,,,,,
Liebermannstraße,,m,,,,,
Liebigstraße,,m,,,,,
Liebknechtstraße,,m,,,,,
Lienhardstraße,,m,,,,,
Liliencronstraße,,m,,,,,
Lilienweg,,n,,,,,
Lindenhof,,n,,,,,
Lindenplan,,n,,,,,
Lindenstraße,,n,,,,,
Lindenweg,,n,,,,,
Lindhorster Straße,,n,,,,,
Lindstedter Weg,,n,,,,,
Lingnerstraße,,m,,,,,
Lion-Feuchtwanger-Straße,,m,,,,,
Listemannstraße,,m,,,,,
Loburger Weg,,n,,,,,
Löderburger Straße,,n,,,,,
Loitscher Weg,,n,,,,,
Lorbeerweg,,n,,,,,
Lorenzlust,,m,,,,,
Lorenzweg,,m,,,,,
Lostauer Straße,,n,,,,,
Lothar-Kreyssig-Straße,,m,,,,,
Louis-Braille-Straße,,m,,,,,
Löwenzahnweg,,n,,,,,
Lübecker Privatweg,,n,,,,,
Lübecker Straße,,n,,,,,
Lucas-Cranach-Straße,,m,,,,,
Lückestraße,,f,Diese Straße wurde nach der Magdeburger Stifterin Ida Lücke noch zu deren Lebzeiten benannt.,https://de.wikipedia.org/wiki/Magdeburger_Stra%C3%9Fen/L,wikipedia.org,Werder,39114
Ludwig-Thoma-Straße,,m,,,,,
Luisenthaler Straße,,n,,,,,
Lummenweg,,?,,,,,
Lumumbastraße,,m,,,,,
Lüneburger Straße,,n,,,,,
Lunochodstraße,,n,,,,,
Lutherstraße,,m,,,,,
Lüttgen-Ottersleben,,n,,,,,
Lüttgen-Salbker Weg,,n,,,,,
Luxemburgstraße,,f,Benannt nach der sozialdemokratischen Politikerin Rosa Luxemburg.,https://de.wikipedia.org/wiki/Magdeburger_Stra%C3%9Fen/L,wikipedia.org,Cracau,39114
Magdeburger Ring,,n,,,,,
Magdeburger Straße,,n,,,,,
Magnus-Hirschfeld-Weg,,m,,,,,
Mahrenholtzstraße,,n,,,,,
Maienhof,,?,,,,,
Maikäferweg,,n,,,,,
Mälzerstraße,,?,,,,,
Mansfelder Straße,,n,,,,,
Marderweg,,n,,,,,
Margarethenstraße,,f,Der Name der Straße dürfte auf die Heilige Margareta von Antiochia zurückgehen. In der Nähe der Straße befand sich die Sankt-Katharinen-Kirche die zeitweise auch der Heiligen Margarethe geweiht war.,https://de.wikipedia.org/wiki/Magdeburger_Stra%C3%9Fen/M,wikipedia.org,Altstadt,39104
Margeritenweg,,n,,,,,
Maria-Neide-Straße,,f,Diese Straße wurde nach der 1831 im Kampf gegen eine Cholera-Epidemie verstorbene Krankenschwester Maria Neide benannt.,https://de.wikipedia.org/wiki/Magdeburger_Stra%C3%9Fen/M,wikipedia.org,Hopfengarten,39120
Mariannenstraße,,f,,,,Fermersleben,39122
Marienborner Straße,,n,,,,,
Marienstraße,,f,Die Straße war durch Dr. Otto und den Holzhändler Zahn angelegt worden. Auf Wunsch Ottos wurde die Straße nach dem Vornamen seiner Frau Marie Otto benannt.,https://de.wikipedia.org/wiki/Magdeburger_Stra%C3%9Fen/M,wikipedia.org,Leipziger Straße,39112
Markgrafenstraße,,n,,,,,
Marktbreite,,n,,,,,
Marschweg,,n,,,,,
Marsweg,,n,,,,,
Martin-Agricola-Straße,,m,,,,,
Martin-Andersen-Nexö-Straße,,m,,,,,
Martin-Gallus-Weg,,m,,,,,
Martin-Luther-Hain,,m,,,,,
Martin-Luther-Platz,,m,,,,,
Martinsplatz,,m,,,,,
Martinstraße,,m,,,,,
Masurenring,,n,,,,,
Materlikstraße,,m,,,,,
Matthiasstraße,,m,,,,,
Matthissonstraße,,m,,,,,
Maulbeerweg,,n,,,,,
Max-Josef-Metzger-Straße,,m,,,,,
Max-Otten-Straße,,m,,,,,
Maxim-Gorki-Straße,,m,,,,,
Maybachstraße,,m,,,,,
Mechthildstraße,,f,Die Straße ist nun nach der Mystikerin Mechthild von Magdeburg benannt.,https://de.wikipedia.org/wiki/Magdeburger_Stra%C3%9Fen/M,wikipedia.org,Neustädter Feld,39128
Mehringstraße,,m,,,,,
Meininger Weg,,n,,,,,
Meisenstieg,,n,,,,,
Meitzendorfer Straße,,n,,,,,
Melanchthonstraße,,m,,,,,
Melissenweg,,n,,,,,
Mellinstraße,,m,,,,,
Menzer Straße,,n,,,,,
Mergelweg,,?,,,,,
Merkurweg,,n,,,,,
Merseburger Straße,,n,,,,,
Mertensstraße,,?,,,,,
Meseberger Weg,,n,,,,,
Messeplatz Max Wille,,m,,,,,
Meyendorfer Weg,,n,,,,,
Michael-Lotter-Straße,,m,,,,,
Miester Weg,,n,,,,,
Milanweg,,n,,,,,
Milchstraße,,n,,,,,
Milchweg,,n,,,,,
Mindenstraße,,?,,,,,
Minzeweg,,n,,,,,
Mirabellenweg,,n,,,,,
Mittagstraße,,n,,,,,
Mittelstraße,,n,,,,,
Mittelweg,,n,,,,,
Möckerner Straße,,n,,,,,
Mohnweg,,n,,,,,
Moldenstraße,,n,,,,,
Moosgrund,,n,,,,,
Morgenrot-Privatweg,,?,,,,,
Morgenstraße,,n,,,,,
Mörikestraße,,m,,,,,
Moritzplatz,,m,,,,,
Moritzstraße,,m,,,,,
Moselstraße,,n,,,,,
Motzstraße,,m,,,,,
Möwenweg,,n,,,,,
Mozartstraße,,m,,,,,
Mühlberg,,n,,,,,
Mühlenfeld-Privatweg,,n,,,,,
Mühlenstraße,,n,,,,,
Mühlhauser Straße,,n,,,,,
Mühlinger Straße,,n,,,,,
Mühlweg,,n,,,,,
Müllerbreite,,n,,,,,
Müllergasse,,n,,,,,
Münchenhofstraße,,n,,,,,
Nachtigallenstieg,,n,,,,,
Nachtigallenweg,,n,,,,,
Nachtweide,,n,,,,,
Nahrstedter Weg,,n,,,,,
Nashvillepromenade,,n,,,,,
Narzissenweg,,n,,,,,
Nedlitzer Straße,,n,,,,,
Neinstedter Straße,,n,,,,,
Nelkengrund,,n,,,,,
Nelkenweg,,n,,,,,
Nelkenwinkel,,n,,,,,
Neptunweg,,m,,,,,
Nerzweg,,n,,,,,
Nesselpfad,,n,,,,,
Netzfeld,,n,,,,,
Neue Siedlung,,n,,,,,
Neue Straße,,n,,,,,
Neue Strombrücke,b,n,,,,,
Neuenhofer Straße,,n,,,,,
Neuer Renneweg,,n,,,,,
Neuer Sülzeweg,,n,,,,,
Neupresterweg,,n,,,,,
Neustädter Bierweg,,n,,,,,
Neustädter Platz,,n,,,,,
Neustädter Straße,,n,,,,,
Nicolaiplatz,,m,,,,,
Nicolaistraße,,m,,,,,
Niederndodeleber Straße,,n,,,,,
Niegripper Straße,,n,,,,,
Niels-Bohr-Straße,,m,,,,,
Niemeyerweg,,m,,,,,
Niemöller-Privatweg,,?,,,,,
Nienburger Straße,,n,,,,,
Niendorfer Gartenweg,,n,,,,,
Niendorfer Grund,,n,,,,,
Niendorfer Straße,,n,,,,,
Nitzschkestraße,,?,,,,,
Nixeweg,,f,Die Straße wurde durch Beschluss des Stadtrates vom 11. April 2002 nach dem 1912 gegründeten Damen-Schwimm-Club Nixe e.V. benannt.,https://de.wikipedia.org/wiki/Magdeburger_Stra%C3%9Fen/N,wikipedia.org,Neue Neustadt,39124
Nomi-Rubel-Straße,,f,Diese Straße wurde nach der in Magdeburg geborenen Schriftstellerin und Theaterleiterin Nomi Rubel benannt.,https://de.wikipedia.org/wiki/Magdeburger_Stra%C3%9Fen/N,wikipedia.org,Ottersleben,39116
Nonnenwerder,,n,,,,,
Norbertstraße,,m,,,,,
Nordhäuser Straße,,n,,,,,
Nordstraße,,n,,,,,
Obere Siedlung,,n,,,,,
Oberer Hohenwarsleber Weg,,n,,,,,
Oberer Sülzeweg,,n,,,,,
Oberhofer Straße,,n,,,,,
Obstgasse,,n,,,,,
Ochtmersleber Weg,,n,,,,,
Oebisfelder Straße,,n,,,,,
Oelzeweg,,m,,,,,
Offleber Straße,,n,,,,,
Ohrestraße,,n,,,,,
Okerstraße,,n,,,,,
Oldenburger Straße,,n,,,,,
Olvenstedter Chaussee,,n,,,,,
Olvenstedter Graseweg,,n,,,,,
Olvenstedter Grund,,n,,,,,
Olvenstedter Markt,,n,,,,,
Olvenstedter Platz,,n,,,,,
Olvenstedter Scheid,,n,,,,,
Olvenstedter Straße,,n,,,,,
Ölweide,,n,,,,,
Orchideenweg,,n,,,,,
Oschersleber Straße,,n,,,,,
Osolfstraße,,n,,,,,
Ostendorfer Straße,,n,,,,,
Osterburger Privatweg,,n,,,,,
Osterburger Straße,,n,,,,,
Osterweddinger Chaussee,,n,,,,,
Osterweddinger Straße,,n,,,,,
Ostrowskistraße,,m,,,,,
Oststraße,,n,,,,,
Ostwaldstraße,,m,,,,,
Othrichstraße,,m,,,,,
Ottenbergstraße,,?,,,,,
Otternweg,,n,,,,,
Ottersleber Chaussee,,n,,,,,
Ottersleber Straße,,n,,,,,
Ottersleber Weg,,n,,,,,
Otto-Baer-Straße,,m,,,,,
Otto-Hahn-Straße,,m,,,,,
Otto-Lilienthal-Straße,,m,,,,,
Otto-Nagel-Straße,,m,,,,,
Otto-Richter-Straße,,m,,,,,
Otto-von-Guericke-Straße,,m,,,,,
Ottweiler Straße,,n,,,,,
Pablo-Neruda-Straße,,m,,,,,
Pablo-Picasso-Straße,,m,,,,,
Pallasweg,,f,"Wie viele Straßen in der näheren Umgebung erhielt auch dieser Weg seinen Namen nach einem astronomischen Objekt, nämlich nach dem Asteroiden Pallas, der seinerseits nach der griechischen Göttin Pallas Athene benannt ist.",https://de.wikipedia.org/wiki/Magdeburger_Stra%C3%9Fen/P,wikipedia.org,Reform,39118
Papenburg-Privatweg,,?,,,,,
Papengang,,?,,,,,
Pappelallee,,n,,,,,
Paracelsusstraße,,m,,,,,
Parchauer Straße,,n,,,,,
Pareyer Weg,,n,,,,,
Parzellenweg,,n,,,,,
Paul-Ecke-Straße,,m,,,,,
Paul-Ehrlich-Straße,,m,,,,,
Paul-Schreiber-Straße,,m,,,,,
Pechauer Platz,,n,,,,,
Pechauer Straße,,n,,,,,
Pestalozzistraße,,m,,,,,
Peter-Paul-Straße,,m,,,,,
Petersilienberg,,n,,,,,
Peterstraße,,m,,,,,
Petriförder,,m,,,,,
Pettenkoferbrücke,b,m,,,,,
Pettenkoferstraße,,m,,,,,
Pfälzer Platz,,n,,,,,
Pfälzer Straße,,n,,,,,
Pfauenweg,,n,,,,,
Pfeifferstraße,,m,,,,,
Pfirsichweg,,n,,,,,
Philipp-Palm-Weg,,m,,,,,
Pirolweg,,n,,,,,
Plachwitzer Weg,,n,,,,,
Planckstraße,,m,,,,,
Planetenweg,,n,,,,,
Platz am Elbbahnhof,,n,,,,,
Platz der Begegnung,,n,,,,,
Platz des 17. Juni,,n,,,,,
Plötzkyer Straße,,n,,,,,
Plutoweg,,n,,,,,
Porse-Privatweg,,?,,,,,
Porsestraße,,?,,,,,
Poseidonweg,,m,,,,,
Poststraße,,n,,,,,
Potsdamer Straße,,n,,,,,
Prälatenstraße,,n,,,,,
Prämonstratenserberg,,n,,,,,
Präsident-Friese-Weg,,m,,,,,
Prester-Privatweg,,n,,,,,
Pretziener Weg,,n,,,,,
Prinzenwiese,,n,,,,,
Puppendorfer Privatweg,,n,,,,,
Puppendorfer Weg,,n,,,,,
Quedlinburger Straße,,n,,,,,
Quenstedter Straße,,n,,,,,
Querstraße,,n,,,,,
Quittenweg,,n,,,,,
Rabenweg,,n,,,,,
Rademacherweg,,m,,,,,
Radomer Straße,,n,,,,,
Raguhner Straße,,n,,,,,
Raiffeisenstraße,,m,,,,,
Randauer Dorfstraße,,n,,,,,
Randauer Straße,,n,,,,,
Ranieser Weg,,n,,,,,
Rapsbreite,,n,,,,,
Rathmannstraße,,m,,,,,
Ratswaageplatz,,n,,,,,
Rautenbreite,,n,,,,,
Ravensbergstraße,,n,,,,,
Rebenweg,,n,,,,,
Rebhuhnweg,,n,,,,,
Regierungsstraße,,n,,,,,
Reichelstraße,,m,,,,,
Reichweinstraße,,m,,,,,
Reihersteg,,n,,,,,
Reimarusweg,,m,,,,,
Reinhard-Lakomy-Straße,,m,,,,,
Reinhard-Mannesmann-Weg,,m,,,,,
Reiterweg,,n,,,,,
Rembrandtweg,,m,,,,,
Remkersleber Weg,,n,,,,,
Remtergang,,n,,,,,
Rennebogen,,n,,,,,
Rennetal,,n,,,,,
Renneweg,,n,,,,,
Repkowstraße,,m,,,,,
Resedaweg,,n,,,,,
Resewitzstraße,,m,,,,,
Rettelbuschweg,,m,,,,,
Richard-Bodendorf-Straße,,m,,,,,
Richard-Dembny-Straße,,m,,,,,
Richard-Wagner-Straße,,m,,,,,
Ringfurther Weg,,n,,,,,
Ritterstraße,,n,,,,,
Robert-Koch-Straße,,m,,,,,
Robert-Mayer-Straße,,m,,,,,
Robert-Seitz-Straße,,m,,,,,
Robinienstraße,,n,,,,,
Rödelstraße,,m,,,,,
Rodensleber Weg,,n,,,,,
Rogätzer Straße,,n,,,,,
Roggengrund,,n,,,,,
Rohrdommelweg,,n,,,,,
Rohrgrundstraße,,n,,,,,
Rohrlaken-Privatweg,,n,,,,,
Rolf-Herricht-Straße,,m,,,,,
Rollenhagenstraße,,m,,,,,
Rollestraße,,m,,,,,
Röntgenstraße,,m,,,,,
Roßlauer Straße,,n,,,,,
Rose-Privatweg,,n,,,,,
Roseggerstraße,,m,,,,,
Roseneck,,n,,,,,
Rosengrund,,n,,,,,
Rosenstraße,,n,,,,,
Rosenthalstraße,,m,"Nach Karl Rosenthal, nicht nach Elisabeth Rosenthal!",,,,
Rosenweg,,n,,,,,
Rosmarinweg,,n,,,,,
Rostocker Straße,,n,,,,,
Rotdornweg,,n,,,,,
Roteisenweg,,n,,,,,
Rote Mühle,,n,,,,,
Rötgerstraße,,m,,,,,
Rothenseer Gartenweg,,n,,,,,
Rothenseer Privatweg,,n,,,,,
Rothenseer Straße,,n,,,,,
Rothenseer Weg,,n,,,,,
Röthestraße,,n,,,,,
Rotkehlchenstraße,,n,,,,,
Rottersdorfer Straße,,n,,,,,
Rotweg,,n,,,,,
Rousseaustraße,,m,,,,,
Rübeländer Weg,,n,,,,,
Rübengrund,,n,,,,,
Rubensweg,,m,,,,,
Rückertstraße,,m,,,,,
Rudolf-Wolf-Straße,,m,,,,,
Rungeweg,,m,,,,,
Rüsternweg,,n,,,,,
Saalestraße,,n,,,,,
Saalfelder Straße,,n,,,,,
Saarbrücker Straße,,n,,,,,
Sachsenring,,n,,,,,
Saefkowstraße,,m,,,,,
Salbeiweg,,n,,,,,
Salbker Chaussee,,n,,,,,
Salbker Straße,,n,,,,,
Salchauer Straße,,n,,,,,
Salvador-Allende-Straße,,m,,,,,
Salzmannstraße,,m,,,,,
Salzwedeler Straße,,n,,,,,
Samsweger Straße,,n,,,,,
Sandbreite,,n,,,,,
Sanddornweg,,n,,,,,
Sandgrubenweg,,n,,,,,
Sandsteinweg,,n,,,,,
Sandtorstraße,,n,,,,,
Sarajevo-Ufer,,n,,,,,
Saturnweg,,n,,,,,
Sauerampferweg,,n,,,,,
Schadowstraße,,m,,,,,
Schafanger,,n,,,,,
Schäferbreite,,?,,,,,
Schäfferstraße,,m,,,,,
Schafgarbenweg,,n,,,,,
Schafwäsche,,n,,,,,
Schanzenweg,,?,,,,,
Scharnhorstring,,m,,,,,
Schartaustraße,,f,Diese Straße wurde nach Sofie Schartau und dem von ihr 1473 gestifteten Hospital Schartau benannt.,https://de.wikipedia.org/wiki/Magdeburger_Stra%C3%9Fen/S,wikipedia.org,Alte Neustadt,39106
Schawinskyweg,,m,,,,,
Scheelestraße,,m,,,,,
Scheffel-Privatstraße,,m,,,,,
Scheidebuschstraße,,?,,,,,
Schellheimerplatz,,m,,,,,
Schellingstraße,,m,,,,,
Schenkendorfstraße,,m,,,,,
Scherbenwinkel,,n,,,,,
Schermcker Weg,,n,,,,,
Scheyringstraße,,m,,,,,
Schierker Straße,,n,,,,,
Schifferstraße,,?,,,,,
Schiffshebewerk,,n,,,,,
Schilfbreite,,n,,,,,
Schillerstraße,,m,,,,,
Schillerweg,,m,,,,,
Schinkelstraße,,m,,,,,
Schlachthofstraße,,n,,,,,
Schlachthofweg,,n,,,,,
Schlehenweg,,n,,,,,
Schleifweg,,?,,,,,
Schleibnitzer Weg,,n,,,,,
Schleiermacherstraße,,m,,,,,
Schleinufer,,m,,,,,
Schleswiger Straße,,n,,,,,
Schleusenstraße,,n,,,,,
Schloßstraße,,n,,,,,
Schmeilstraße,,m,,,,,
Schmidtstraße,,m,,,,,
Schmiedestraße,,n,,,,,
Schnarsleber Straße,,n,,,,,
Schnarsleber Weg,,n,,,,,
Schneidersgarten,,m,,,,,
Schneidlinger Straße,,n,,,,,
Schönebecker Chaussee,,n,,,,,
Schönebecker Straße,,n,,,,,
Schöninger Straße,,n,,,,,
Schopenhauerstraße,,m,,,,,
Schöppensteg,,n,,,,,
Schreberstraße,,m,,,,,
Schrotebogen,,n,,,,,
Schulstraße,,n,,,,,
Schulzentorstraße,,?,,,,,
Schützentorstraße,,n,,,,,
Schwalbenweg,,n,,,,,
Schwaneberger Weg,,n,,,,,
Schwanen-Privatweg,,n,,,,,
Schwanstraße,,n,,,,,
Schwantesstraße,,m,,,,,
Schwarzer Weg,,n,,,,,
Schwarzkopfweg,,n,,,,,
Schweriner Straße,,n,,,,,
Schwertfegergasse,,n,,,,,
Schwiesaustraße,,m,,,,,
Seehäuser Straße,,n,,,,,
Seehäuser Weg,,n,,,,,
Seehof,,n,,,,,
Seepark,,n,,,,,
Seestraße,,n,,,,,
Seeweg,,n,,,,,
Seilerweg,,n,,,,,
Selkeweg,,n,,,,,
Semmelweisstraße,,m,,,,,
Seumestraße,,m,,,,,
Sichelweg,,n,,,,,
Sickingenstraße,,m,,,,,
Siedefeld-Privatweg,,n,,,,,
Siedlerweg,,n,,,,,
Siedlung,,n,,,,,
Siedlung Baumschule,,n,,,,,
Sieverstorstraße,,m,,,,,
Silberbergweg,,n,,,,,
Silberschlagstraße,,m,,,,,
Simonstraße,,m,,,,,
Siriusweg,,n,,,,,
Skorpionstraße,,n,,,,,
Sohlener Hauptstraße,,n,,,,,
Sohlener Mittelstraße,,n,,,,,
Sohlener Mühlenweg,,n,,,,,
Sohlener Straße,,n,,,,,
Sojusstraße,,n,,,,,
Sommersdorfer Weg,,n,,,,,
Sonnenallee,,n,,,,,
Sonnensteig,,n,,,,,
Sophienstraße,,f,,,,Fermersleben,39122
Spechtweg,,n,,,,,
Speicherstraße,,n,,,,,
Sperberweg,,n,,,,,
Sperlingweg,,n,,,,,
Spielgarten-Privatweg,,n,,,,,
Spielhagenstraße,,m,,,,,
Springe,,?,,,,,
Sputnikstraße,,n,,,,,
St.-Josef-Straße,,m,,,,,
St.-Laurentius-Weg,,m,,,,,
St.-Maria-Hilf-Straße,,f,Diese Straße wurde nach der in der Nähe befindlichen katholischen Kirche Sankt-Maria-Hilf-Kirche benannt.,https://de.wikipedia.org/wiki/Magdeburger_Stra%C3%9Fen/S,wikipedia.org,Ottersleben,39116
St.-Michael-Straße,,m,,,,,
St.-Stephani-Straße,,m,,,,,
Stadtparkstraße,,n,,,,,
Stadtweg,,n,,,,,
Staßfurter Straße,,n,,,,,
Stefan-Zweig-Weg,,m,,,,,
Stegelitzer Straße,,n,,,,,
Steinbergstraße,,?,,,,,
Steinbockstraße,,n,,,,,
Steinbruchweg,,n,,,,,
Steindamm,,n,,,,,
Steindamm-Privatweg,,n,,,,,
Steinigstraße,,m,,,,,
Steinlaken-Privatweg,,n,,,,,
Steinkopfinsel,,n,,,,,
Steinweg,,n,,,,,
Stemmerner Straße,,n,,,,,
Stendaler Straße,,n,,,,,
Stephansbrücke,b,m,,,,,
Stephan-Schütze-Platz,,m,,,,,
Stephan-Schütze-Straße,,m,,,,,
Sternbogen,,n,,,,,
Sternbrücke,b,n,,,,,
Sternstraße,,n,,,,,
Stettiner Weg,,n,,,,,
Steubenallee,,m,,,,,
Stichlerweg,,?,,,,,
Stieglitzweg,,n,,,,,
Stockmannweg,,m,,,,,
Stolberger Straße,,n,,,,,
Stolzestraße,,m,,,,,
Storchenweg,,n,,,,,
Stormstraße,,m,,,,,
Stralsunder Straße,,n,,,,,
Straße A,,n,,,,,
Straße B,,n,,,,,
Straße C,,n,,,,,
Straße D,,n,,,,,
Straße E,,n,,,,,
Straße F,,n,,,,,
Straße G,,n,,,,,
Straße H,,n,,,,,
Stresemannstraße,,m,,,,,
Struvestraße,,m,,,,,
Sudenburger Straße,,n,,,,,
Sudenburger Wuhne,,n,,,,,
Sudermannstraße,,m,,,,,
Suderöder Weg,,n,,,,,
Südring,,n,,,,,
Südstraße,,n,,,,,
Suhler Straße,,n,,,,,
Sülldorfer Straße,,n,,,,,
Sülzborn,,n,,,,,
Sülzeanger,,n,,,,,
Sülzeberg,,n,,,,,
Sülzeblick,,n,,,,,
Sülzlaken-Privatweg,,n,,,,,
Sülzwiesen-Privatweg,,n,,,,,
Süplinger Weg,,n,,,,,
Tangerhütter Weg,,n,,,,,
Tangermünder Straße,,n,,,,,
Tannenweg,,n,,,,,
Tarthuner Weg,,n,,,,,
Tassostraße,,n,,,,,
Taubenweg,,n,,,,,
1.Teich-Privatweg,,n,,,,,
2.Teich-Privatweg,,n,,,,,
Teichstraße,,n,,,,,
Telemannstraße,,m,,,,,
Tessenowstraße,,m,,,,,
Thauberg,,?,,,,,
Theodor-Kozlowski-Straße,,m,,,,,
Thieberg,,?,,,,,
Thiemplatz,,m,,,,,
Thiemstraße,,m,,,,,
Thietmarstraße,,m,,,,,
Thomas-Mann-Straße,,m,,,,,
Thomas-Müntzer-Straße,,m,,,,,
Thüringer Straße,,n,,,,,
Thymianweg,,n,,,,,
Till-Eulenspiegel-Ring,,m,,,,,
Tischbeinweg,,?,,,,,
Tischlergasse,,n,,,,,
Tismarstraße,,f,Die 1899 auf vorher unbebauten Gelände entstandene Straße wurde nach der im Armenwesen engagierten Maria Catharina Tismar benannt.,https://de.wikipedia.org/wiki/Magdeburger_Stra%C3%9Fen/T,wikipedia.org,Stadtfeld Ost,39108
Toepfferspark,,m,,,,,
Torgauer Straße,,n,,,,,
Torplatz,,n,,,,,
Torsten-Lamprecht-Weg,,m,,,,,
Torweg,,n,,,,,
Tränkeweg,,n,,,,,
Tränsberg,,n,,,,,
Trappenweg,,n,,,,,
Treseburger Straße,,n,,,,,
Triftweg,,?,,,,,
Tucheimer Straße,,n,,,,,
Tucholskystraße,,m,,,,,
Tulpengrund,,n,,,,,
Tulpenweg,,n,,,,,
Turmschanzenstraße,,n,,,,,
Turmstraße,,n,,,,,
Uchtdorfer Weg,,n,,,,,
Uhlandstraße,,m,,,,,
Uhlichstraße,,m,,,,,
Ulmenweg,,n,,,,,
Ulnerstraße,,m,,,,,
Ulrichplatz,,m,,,,,
Umfassungsstraße,,n,,,,,
Umfassungsweg,,n,,,,,
Ummendorfer Straße,,n,,,,,
Universitätsplatz,,n,,,,,
Unseburger Straße,,n,,,,,
Unter der Georgshöhe,,m,,,,,
Unter der Wiesche,,?,,,,,
Untere Siedlung,,n,,,,,
Unterer Hohenwarsleber Weg,,n,,,,,
Unterhorstweg,,n,,,,,
Uranusweg,,n,,,,,
Vahldorfer Straße,,n,,,,,
Vehlitzer Straße,,n,,,,,
Veilchengrund,,n,,,,,
Veilchenweg,,n,,,,,
Venusweg,,f,Die Straße trägt den Namen des Planeten Venus. Viele Straßen der näheren Umgebung wurden mit Begriffen aus der Astronomie benannt.,https://de.wikipedia.org/wiki/Magdeburger_Stra%C3%9Fen/V,wikipedia.org,Reform,39118
Verlorener Grundstein,,n,,,,,
Victor-Jara-Straße,,m,,,,,
Viktor-von-Unruh-Straße,,m,,,,,
Vilniusweg,,n,,,,,
Virchowstraße,,m,,,,,
Vogelbreite,,n,,,,,
Völpker Straße,,n,,,,,
Vor der Turmschanze,,n,,,,,
Waagestraße,,n,,,,,
Wacholdersteg,,n,,,,,
Wachtelsteg,,n,,,,,
Wahlitzer Weg,,n,,,,,
Walbecker Straße,,n,,,,,
Waldluftweg,,n,,,,,
Waldmeisterweg,,n,,,,,
Waldstraße,,n,,,,,
Wallonerberg,,n,,,,,
Walmbergsweg,,n,,,,,
Walnußweg,,n,,,,,
Walter-Strumpf-Straße,,m,,,,,
Walther-Rathenau-Straße,,m,,,,,
Waltherstraße,,m,,,,,
Wanzleber Chaussee,,n,,,,,
Wanzleber Straße,,n,,,,,
Warschauer Straße,,n,,,,,
Wartbergstraße,,n,,,,,
Wartburgstraße,,n,,,,,
Wassergang,,n,,,,,
Wasserkunststraße,,n,,,,,
Wasserstraße,,n,,,,,
Weberstraße,,m,,,,,
Wedringer Straße,,n,,,,,
Weferlinger Straße,,n,,,,,
Wegeleber Weg,,n,,,,,
Weidenstraße,,n,,,,,
Weimarer Straße,,n,,,,,
Weinbergstraße,,n,,,,,
Weinbrennerallee,,n,,,,,
Weitlingstraße,,m,,,,,
Weizengrund,,n,,,,,
Wellenberg,,n,,,,,
Wellener Weg,,n,,,,,
Welsleber Straße,,n,,,,,
Welsleber Weg,,n,,,,,
Wenddorfer Weg,,n,,,,,
Wendefurther Weg,,n,,,,,
Werner-Heisenberg-Straße,,m,,,,,
Werner-Priegnitz-Straße,,m,,,,,
Werner-Seelenbinder-Straße,,m,,,,,
Werner-von-Siemens-Ring,,m,,,,,
Wernigeröder Straße,,n,,,,,
Wertherstraße,,m,,,,,
Wespenstieg,,n,,,,,
Westeregelner Straße,,n,,,,,
Westernplan,,n,,,,,
Westring,,n,,,,,
Weststraße,,n,,,,,
Wichmannstraße,,m,,,,,
Widderstraße,,n,,,,,
Wiedersdorfer Straße,,n,,,,,
Wielandstraße,,m,,,,,
Wiener Straße,,n,,,,,
Wiesenburger Straße,,n,,,,,
Wiesengrund,,n,,,,,
Wiesenstraße,,n,,,,,
Wiesenweg,,n,,,,,
Wilhelm-Diek-Straße,,m,,,,,
Wilhelm-Höpfner-Ring,,m,,,,,
Wilhelm-Klees-Straße,,m,,,,,
Wilhelm-Kobelt-Straße,,m,,,,,
Wilhelm-Külz-Straße,,m,,,,,
Wilhelm-Linke-Straße,,m,,,,,
Wilhelm-Niemann-Straße,,m,,,,,
Wilhelm-Raabe-Straße,,m,,,,,
Wilhelmstädter Platz,,n,,,,,
Willi-Bredel-Straße,,m,,,,,
Willy-Brandt-Platz,,m,,,,,
Willy-Rosen-Straße,,m,,,,,
Willy-Wolterstorff-Straße,,m,,,,,
Winckelmannstraße,,m,,,,,
Windmühlen-Privatweg,,n,,,,,
Windmühlenstraße,,n,,,,,
Windrosen-Privatweg,,n,,,,,
Wisninger Straße,,n,,,,,
Wisninger Wuhne,,n,,,,,
Wittenberger Platz,,n,,,,,
Wittenberger Straße,,n,,,,,
Witzlebenstraße,,n,,,,,
Wolfenbütteler Straße,,n,,,,,
Wolfgang-Emmrich-Weg,,m,,,,,
Wolframstraße,,m,,,,,
Wolfsweg,,n,,,,,
Wolmirsleber Weg,,n,,,,,
Wolmirstedter Straße,,n,,,,,
Wörlitzer Straße,,n,,,,,
Wörmlitzer Straße,,n,,,,,
Wormser Platz,,n,,,,,
Wostokstraße,,n,,,,,
Zackelbergstraße,,n,,,,,
Zackmünder Straße,,n,,,,,
Zaunkönigstraße,,n,,,,,
Zechsteinring,,n,,,,,
Zeddenicker Weg,,n,,,,,
Zerbster Straße,,n,,,,,
Zerrennerstraße,,m,,,,,
Zetkinstraße,,f,Diese Straße wurde nach der deutschen kommunistischen Politikerin Clara Zetkin (1857–1933) benannt.,https://de.wikipedia.org/wiki/Magdeburger_Stra%C3%9Fen/Z,wikipedia.org,Cracau,39114
Ziegelei-Privatweg,,n,,,,,
Ziegeleistraße,,n,,,,,
Zielitzer Straße,,n,,,,,
Zinckestraße,,m,,,,,
Ziolkowskistraße,,m,,,,,
Zipkeleben,,n,,,,,
Zipkeleber Weg,,n,,,,,
Zitadelle,,n,,,,,
Zobelweg,,n,,,,,
Zollbrücke,b,n,,,,,
Zollstraße,,n,,,,,
Zooallee,,n,,,,,
Zschokkestraße,,m,,,,,
Zuckerbusch,,n,,,,,
Zuckerstraße,,n,,,,,
Zum Anker,,n,,,,,
Zum Bahnhof,,n,,,,,
Zum Bördepark,,n,,,,,
Zum Domfelsen,,n,,,,,
Zum Engel,,n,,,,,
Zum Friedensweiler,,n,,,,,
Zum Handelshof,,n,,,,,
Zum Lindenweiler,,n,,,,,
Zum Mühlenwerk,,n,,,,,
Zum Rotehornblick,,n,,,,,
Zum Sandkolk,,n,,,,,
Zum Sauren Tal,,n,,,,,
Zum Schroteblick,,n,,,,,
Zum Waldsee,,n,,,,,
Zum Wiesgen,,n,,,,,
Zur Alten Elbe,,n,,,,,
Zur Hubbrücke,,n,,,,,
Zur Kirschblüte,,n,,,,,
Zur Korngrube,,n,,,,,
Zur Kreuzhorst,,n,,,,,
Zur Mühle,,n,,,,,
Zur Muttereiche,,n,,,,,
Zur Pappel,,n,,,,,
Zur Pferdekoppel,,n,,,,,
Zur Schleuse,,n,,,,,
Zur Siedlung Reform,,n,,,,,
Zur Tonkuhle,,n,,,,,
Zur Viehbörse,,n,,,,,
Zur Wassermühle,,n,,,,,
Zwetschgenweg,,n,,,,,
Zwischenwerkstraße,,n,,,,,